"Arroz, integral, cozido",124,2.6,1,NA,25.8,2.7,0.3,1,,5
"Arroz, integral, cru",360,7.3,1.9,NA,77.5,4.8,0.9,2,,8
"Arroz, tipo 1, cozido",128,2.5,0.2,NA,28.1,1.6,0.1,1,,4
"Arroz, tipo 1, cru",358,7.2,0.3,NA,78.8,1.6,0.7,1,,4
"Arroz, tipo 2, cozido",130,2.6,0.4,NA,28.2,1.1,0.1,2,,3
"Arroz, tipo 2, cru",358,7.2,0.3,NA,78.9,1.7,0.6,1,,5
"Aveia, flocos, crua",394,13.9,8.5,NA,66.6,9.1,4.4,5,1.4,48
"Biscoito, doce, maisena",443,8.1,12,NA,75.2,2.1,1.8,352,6.2,54
"Biscoito, doce, recheado com chocolate",472,6.4,19.6,Tr,70.5,3,2.3,239,3.5,27
"Biscoito, doce, recheado com morango",471,5.7,19.6,Tr,71,1.5,1.5,230,Tr,36
"Biscoito, doce, wafer, recheado de chocolate",502,5.6,24.7,Tr,67.5,1.8,2.4,137,Tr,23
"Biscoito, doce, wafer, recheado de morango",513,4.5,26.4,1,67.4,0.8,1.1,120,,14
"Biscoito, salgado, cream cracker",432,10.1,14.4,NA,68.7,2.5,2.2,854,,20
"Bolo, mistura para",419,6.2,6.1,Tr,84.7,1.7,1.2,463,Tr,59
"Bolo, pronto, aipim",324,4.4,12.7,73,47.9,0.7,0.5,111,Tr,85
"Bolo, pronto, chocolate",410,6.2,18.5,77,54.7,1.4,2.1,283,Tr,75
"Bolo, pronto, coco",333,5.7,11.3,63,52.3,1.1,0.8,190,Tr,57
"Bolo, pronto, milho",311,4.8,12.4,82,45.1,0.7,0.7,134,Tr,83
"Canjica, branca, crua",358,7.2,1,NA,78.1,5.5,0.3,1,Tr,2
"Canjica, com leite integral",112,2.4,1.2,1,23.6,1.2,0.1,28,Tr,43
"Cereais, milho, flocos, com sal",370,7.3,1.6,NA,80.8,5.3,0.5,272,Tr,2
"Cereais, milho, flocos, sem sal",363,6.9,1.2,NA,80.4,1.8,1.7,31,Tr,2
"Cereais, mingau, milho, infantil",394,6.4,1.1,NA,87.3,3.2,3,399,109.4,219
"Cereais, mistura para vitamina, trigo, cevada e aveia",381,8.9,2.1,NA,81.6,5,12.6,1163,13.1,584
"Cereal matinal, milho",365,7.2,1,NA,83.8,4.1,3.1,655,17.3,143
"Cereal matinal, milho, açúcar",377,4.7,0.7,NA,88.8,2.1,3.9,405,14.6,56
"Creme de arroz, pó",386,7,1.2,NA,83.9,1.1,0.6,1,Tr,7
"Creme de milho, pó",333,4.8,1.6,NA,86.1,3.7,4.3,594,96.3,323
"Curau, milho verde",78,2.4,1.6,5,13.9,0.5,0.4,21,Tr,53
"Curau, milho verde, mistura para",402,2.2,13.4,NA,79.8,2.5,0.9,223,Tr,31
"Farinha, de arroz, enriquecida",363,1.3,0.3,NA,85.5,0.6,31.4,17,173.6,1
"Farinha, de centeio, integral",336,12.5,1.8,NA,73.3,15.5,4.7,41,Tr,34
"Farinha, de milho, amarela",351,7.2,1.5,NA,79.1,5.5,2.3,45,Tr,1
"Farinha, de rosca",371,11.4,1.5,NA,75.8,4.8,6.7,333,Tr,35
"Farinha, de trigo",360,9.8,1.4,NA,75.1,2.3,1,1,Tr,18
"Farinha, láctea, de cereais",415,11.9,5.8,11,77.8,1.9,8.7,125,24.3,196
"Lasanha, massa fresca, cozida",164,5.8,1.2,NA,32.5,1.6,1.2,207, ,10
"Lasanha, massa fresca, crua",220,7,1.3,NA,45.1,1.6,1.9,667, ,17
"Macarrão, instantâneo",436,8.8,17.2,NA,62.4,5.6,0.8,1516,Tr,18
"Macarrão, trigo, cru",371,10,1.3,NA,77.9,2.9,0.9,7,Tr,17
"Macarrão, trigo, cru, com ovos",371,10.3,2,18,76.6,2.3,0.9,15,Tr,19
"Milho, amido, cru",361,0.6,Tr,NA,87.1,0.7,0.1,8,Tr,1
"Milho, fubá, cru",353,7.2,1.9,NA,78.9,4.7,0.9,Tr,Tr,3
"Milho, verde, cru",138,6.6,0.6,NA,28.6,3.9,0.4,1,Tr,2
"Milho, verde, enlatado, drenado",98,3.2,2.4,NA,17.1,4.6,0.6,260,1.7,2
"Mingau tradicional, pó",373,0.6,0.4,NA,89.3,0.9,42,15,Tr,522
"Pamonha, barra para cozimento, pré-cozida",171,2.6,4.8,NA,30.7,2.4,0.4,132,Tr,4
"Pão, aveia, forma",343,12.4,5.7,Tr,59.6,6,4.7,606,Tr,109
"Pão, de soja",309,11.3,3.6,NA,56.5,5.7,3.3,663,Tr,90
"Pão, glúten, forma",253,12,2.7,NA,44.1,2.5,5.7,22,Tr,156
"Pão, milho, forma",292,8.3,3.1,6,56.4,4.3,3,507,Tr,78
"Pão, trigo, forma, integral",253,9.4,3.7,NA,49.9,6.9,3,506,Tr,132
"Pão, trigo, francês",300,8,3.1,NA,58.6,2.3,1,648, ,16
"Pão, trigo, sovado",311,8.4,2.8,17,61.5,2.4,2.3,431,Tr,52
"Pastel, de carne, cru",289,10.7,8.8,18,42,1,2,1309,Tr,17
"Pastel, de carne, frito",388,10.1,20.1,25,43.8,1,2.5,1040,,13
"Pastel, de queijo, cru",308,9.9,9.6,14,45.9,1.1,1,985,Tr,155
"Pastel, de queijo, frito",422,8.7,22.7,15,48.1,0.9,1.3,821,Tr,126
"Pastel, massa, crua",310,6.9,5.5,NA,57.4,1.4,1.1,1344, ,13
"Pastel, massa, frita",570,6,40.9,NA,49.3,1.3,1.4,1175, ,11
"Pipoca, com óleo de soja, sem sal",448,9.9,15.9,NA,70.3,14.3,1.2,4,Tr,3
"Polenta, pré-cozida",103,2.3,0.3,NA,23.3,2.4,Tr,442,Tr,1
"Torrada, pão francês",377,10.5,3.3,NA,74.6,3.4,1.2,829,Tr,19
"Abóbora, cabotian, cozida",48,1.4,0.7,NA,10.8,2.5,0.3,1,7.5,8
"Abóbora, cabotian, crua",39,1.7,0.5,NA,8.4,2.2,0.4,Tr,5.1,18
"Abóbora, menina brasileira, crua",14,0.6,Tr,NA,3.3,1.2,0.2,Tr,1.5,9
"Abóbora, moranga, crua",12,1,0.1,NA,2.7,1.7,Tr,Tr,9.6,3
"Abóbora, moranga, refogada",29,0.4,0.8,NA,6,1.5,0.1,3,6.7,19
"Abóbora, pescoço, crua",24,0.7,0.1,NA,6.1,2.3,0.3,1,2.1,9
"Abobrinha, italiana, cozida",15,1.1,0.2,NA,3,1.6,0.2,1,2.1,17
"Abobrinha, italiana, crua",19,1.1,0.1,NA,4.3,1.4,0.2,Tr,6.9,15
"Abobrinha, italiana, refogada",24,1.1,0.8,NA,4.2,1.4,0.4,2,7.5,21
"Abobrinha, paulista, crua",31,0.6,0.1,NA,7.9,2.6,0.2,1,17.5,19
"Acelga, crua",21,1.4,0.1,NA,4.6,1.1,0.3,1,22.6,43
"Agrião, cru",17,2.7,0.2,NA,2.3,2.1,3.1,7,60.1,133
"Aipo, cru",19,0.8,0.1,NA,4.3,1,0.7,10,5.9,65
"Alface, americana, crua",9,0.6,0.1,NA,1.7,1,0.3,7,11,14
"Alface, crespa, crua",11,1.3,0.2,NA,1.7,1.8,0.4,3,15.6,38
"Alface, lisa, crua",14,1.7,0.1,NA,2.4,2.3,0.6,4,21.4,28
"Alface, roxa, crua",13,0.9,0.2,NA,2.5,2,2.5,7,13.5,34
"Alfavaca, crua",29,2.7,0.5,NA,5.2,4.1,1.3,5,Tr,258
"Alho, cru",113,7,0.2,NA,23.9,4.3,0.8,5,*,14
"Alho-poró, cru",32,1.4,0.1,NA,6.9,2.5,0.6,2,14.1,34
"Almeirão, cru",18,1.8,0.2,NA,3.3,2.6,0.7,2,1.7,19
"Almeirão, refogado",65,1.7,4.8,NA,5.7,3.4,1.6,15,1.5,63
"Batata, baroa, cozida",80,0.9,0.2,NA,18.9,1.8,0.4,2,17.1,12
"Batata, baroa, crua",101,1,0.2,NA,24,2.1,0.3,Tr,7.6,17
"Batata, doce, cozida",77,0.6,0.1,NA,18.4,2.2,0.2,3,23.8,17
"Batata, doce, crua",118,1.3,0.1,NA,28.2,2.6,0.4,9,16.5,21
"Batata, frita, tipo chips, industrializada",543,5.6,36.6,NA,51.2,2.5,0.7,607,Tr,12
"Batata, inglesa, cozida",52,1.2,Tr,NA,11.9,1.3,0.2,2,3.8,4
"Batata, inglesa, crua",64,1.8,Tr,NA,14.7,1.2,0.4,Tr,31.1,4
"Batata, inglesa, frita",267,5,13.1,NA,35.6,8.1,0.4,2,16.3,6
"Batata, inglesa, sauté",68,1.3,0.9,NA,14.1,1.4,0.3,8,Tr,4
"Berinjela, cozida",19,0.7,0.1,NA,4.5,2.5,0.2,1,Tr,11
"Berinjela, crua",20,1.2,0.1,NA,4.4,2.9,0.2,Tr,3,9
"Beterraba, cozida",32,1.3,0.1,NA,7.2,1.9,0.2,23,1.2,15
"Beterraba, crua",49,1.9,0.1,NA,11.1,3.4,0.3,10,3.1,18
"Biscoito, polvilho doce",438,1.3,12.2,9,80.5,1.2,1.8,98,Tr,30
"Brócolis, cozido",25,2.1,0.5,NA,4.4,3.4,0.5,2,42,51
"Brócolis, cru",25,3.6,0.3,NA,4,2.9,0.6,3,34.3,86
"Cará, cozido",78,1.5,0.1,NA,18.9,2.6,0.3,1,Tr,5
"Cará, cru",96,2.3,0.1,NA,23,7.3,0.2,Tr,8.8,4
"Caruru, cru",34,3.2,0.6,NA,6,4.5,4.5,14,5.4,455
"Catalonha, crua",24,1.9,0.3,NA,4.8,2,3.1,9,7.3,57
"Catalonha, refogada",63,2,4.8,NA,4.8,3.7,1.2,25,Tr,63
"Cebola, crua",39,1.7,0.1,NA,8.9,2.2,0.2,1,4.7,14
"Cebolinha, crua",20,1.9,0.4,NA,3.4,3.6,0.6,2,31.8,80
"Cenoura, cozida",30,0.8,0.2,NA,6.7,2.6,0.1,8,Tr,26
"Cenoura, crua",34,1.3,0.2,NA,7.7,3.2,0.2,3,5.1,23
"Chicória, crua",14,1.1,0.1,NA,2.9,2.2,0.5,14,6.5,45
"Chuchu, cozido",19,0.4,Tr,NA,4.8,1,0.1,2,5.6,8
"Chuchu, cru",17,0.7,0.1,NA,4.1,1.3,0.2,Tr,10.6,12
"Coentro, folhas desidratadas",309,20.9,10.4,NA,48,37.3,81.4,18,40.8,784
"Couve, manteiga, crua",27,2.9,0.5,NA,4.3,3.1,0.5,6,96.7,131
"Couve, manteiga, refogada ",90,1.7,6.6,NA,8.7,5.7,0.5,11,76.9,177
"Couve-flor, crua",23,1.9,0.2,NA,4.5,2.4,0.5,3,36.1,18
"Couve-flor, cozida",19,1.2,0.3,NA,3.9,2.1,0.1,2,23.7,16
"Espinafre, Nova Zelândia, cru",16,2,0.2,NA,2.6,2.1,0.4,17,2.4,98
"Espinafre, Nova Zelândia, refogado",67,2.7,5.4,NA,4.2,2.5,0.6,47,5.3,112
"Farinha, de mandioca, crua",361,1.6,0.3,NA,87.9,6.4,1.1,1,Tr,65
"Farinha, de mandioca, torrada",365,1.2,0.3,NA,89.2,6.5,1.2,10,Tr,76
"Farinha, de puba",360,1.6,0.5,NA,87.3,4.2,1.4,4,Tr,41
"Fécula, de mandioca",331,0.5,0.3,NA,81.1,0.6,0.1,2,Tr,12
"Feijão, broto, cru",39,4.2,0.1,NA,7.8,2,0.8,2,12,14
"Inhame, cru",97,2.1,0.2,NA,23.2,1.7,0.4,Tr,5.6,12
"Jiló, cru",27,1.4,0.2,NA,6.2,4.8,0.3,Tr,6.8,20
"Jurubeba, crua",126,4.4,3.9,NA,23.1,23.9,0.9,1,13.8,151
"Mandioca, cozida",125,0.6,0.3,NA,30.1,1.6,0.1,1,11.1,19
"Mandioca, crua",151,1.1,0.3,NA,36.2,1.9,0.3,2,16.5,15
"Mandioca, farofa, temperada",406,2.1,9.1,NA,80.3,7.8,1.4,575,Tr,66
"Mandioca, frita",300,1.4,11.2,NA,50.3,1.9,0.3,9,Tr,23
"Manjericão, cru",21,2,0.4,NA,3.6,3.3,1,4,2.3,211
"Maxixe, cru",14,1.4,0.1,NA,2.7,2.2,0.4,11,9.6,21
"Mostarda, folha, crua",18,2.1,0.2,NA,3.2,1.9,1.1,3,38.6,68
"Nhoque, batata, cozido",181,5.9,1.9,15,36.8,1.8,1.6,7,Tr,11
"Nabo, cru",18,1.2,0.1,NA,4.1,2.6,0.2,2,9.6,42
"Palmito, juçara, em conserva",23,1.8,0.4,NA,4.3,3.2,0.3,514,2,58
"Palmito, pupunha, em conserva",29,2.5,0.5,NA,5.5,2.6,0.2,563,8.7,32
"Pão, de queijo, assado",363,5.1,24.6,68,34.2,0.6,0.3,773, ,102
"Pão, de queijo, cru",295,3.6,14,63,38.5,1,0.3,405, ,88
"Pepino, cru",10,0.9,Tr,NA,2,1.1,0.1,Tr,5,10
"Pimentão, amarelo, cru",28,1.2,0.4,NA,6,1.9,0.4,Tr,201.4,10
"Pimentão, verde, cru",21,1.1,0.2,NA,4.9,2.6,0.4,Tr,100.2,9
"Pimentão, vermelho, cru",23,1,0.1,NA,5.5,1.6,0.3,Tr,158.2,6
"Polvilho, doce",351,0.4,Tr,NA,86.8,0.2,0.5,2,Tr,27
"Quiabo, cru",30,1.9,0.3,NA,6.4,4.6,0.4,1,5.6,112
"Rabanete, cru",14,1.4,0.1,NA,2.7,2.2,0.4,11,9.6,21
"Repolho, branco, cru",17,0.9,0.1,NA,3.9,1.9,0.2,4,18.7,35
"Repolho, roxo, cru",31,1.9,0.1,NA,7.2,2,0.5,2,43.2,44
"Repolho, roxo, refogado",42,1.8,1.2,NA,7.6,1.8,0.5,3,40.5,43
"Rúcula, crua",13,1.8,0.1,NA,2.2,1.7,0.9,9,46.3,117
"Salsa, crua",33,3.3,0.6,NA,5.7,1.9,3.2,2,51.7,179
"Seleta de legumes, enlatada",57,3.4,0.4,NA,12.7,3.1,1.1,398,Tr,16
"Serralha, crua",30,2.7,0.7,NA,4.9,3.5,1.3,19,1.5,126
"Taioba, crua",34,2.9,0.9,NA,5.4,4.5,1.9,1,17.9,141
"Tomate, com semente, cru",15,1.1,0.2,NA,3.1,1.2,0.2,1,21.2,7
"Tomate, extrato",61,2.4,0.2,NA,15,2.8,2.1,498,18,29
"Tomate, molho industrializado",38,1.4,0.9,NA,7.7,3.1,1.6,418,2.7,12
"Tomate, purê",28,1.4,Tr,NA,6.9,1,1.3,104,5.4,13
"Tomate, salada",21,0.8,Tr,NA,5.1,2.3,0.3,5,12.8,7
"Vagem, crua",25,1.8,0.2,NA,5.3,2.4,0.4,Tr,1.2,41
"Abacate, cru",96,1.2,8.4,NA,6,6.3,0.2,Tr,8.7,8
"Abacaxi, cru",48,0.9,0.1,NA,12.3,1,0.3,Tr,34.6,22
"Abacaxi, polpa, congelada",31,0.5,0.1,NA,7.8,0.3,0.4,1,1.2,14
"Abiu, cru",62,0.8,0.7,NA,14.9,1.7,0.2,Tr,10.3,6
"Açaí, polpa, com xarope de guaraná e glucose",110,0.7,3.7,NA,21.5,1.7,0.3,15,10.3,22
"Açaí, polpa, congelada",58,0.8,3.9,NA,6.2,2.6,0.4,5,Tr,35
"Acerola, crua",33,0.9,0.2,NA,8,1.5,0.2,Tr,941.4,13
"Acerola, polpa, congelada",22,0.6,Tr,NA,5.5,0.7,0.2,1,623.2,8
"Ameixa, calda, enlatada ",183,0.4,Tr,NA,46.9,0.5,2.2,3,4.3,13
"Ameixa, crua",53,0.8,Tr,NA,13.9,2.4,0.1,Tr,7.6,6
"Ameixa, em calda, enlatada, drenada ",177,1,0.3,NA,47.7,4.5,2.7,3,5.2,39
"Atemóia, crua",97,1,0.3,NA,25.3,2.1,0.2,1,10.1,23
"Banana, da terra, crua",128,1.4,0.2,NA,33.7,1.5,0.3,Tr,15.7,4
"Banana, doce em barra",280,2.2,0.1,NA,75.7,3.8,0.6,10,Tr,12
"Banana, figo, crua",105,1.1,0.1,NA,27.8,2.8,0.2,Tr,17.5,6
"Banana, maçã, crua",87,1.8,0.1,NA,22.3,2.6,0.2,Tr,10.5,3
"Banana, nanica, crua",92,1.4,0.1,NA,23.8,1.9,0.3,Tr,5.9,3
"Banana, ouro, crua",112,1.5,0.2,NA,29.3,2,0.3,Tr,7.6,3
"Banana, pacova, crua",78,1.2,0.1,NA,20.3,2,0.4,1,Tr,5
"Banana, prata, crua",98,1.3,0.1,NA,26,2,0.4,Tr,21.6,8
"Cacau, cru",74,1,0.1,NA,19.4,2.2,0.3,1,13.6,12
"Cajá-Manga, cru",46,1.3,Tr,NA,11.4,2.6,0.2,1,26.7,13
"Cajá, polpa, congelada",26,0.6,0.2,NA,6.4,1.4,0.3,7,Tr,9
"Caju, cru",43,1,0.3,NA,10.3,1.7,0.2,3,219.3,1
"Caju, polpa, congelada",37,0.5,0.2,NA,9.4,0.8,0.1,4,119.7,1
"Caju, suco concentrado, envasado",45,0.4,0.2,NA,10.7,0.6,0.1,45,138.7,1
"Caqui, chocolate, cru",71,0.4,0.1,NA,19.3,6.5,0.1,2,29.6,18
"Carambola, crua",46,0.9,0.2,NA,11.5,2,0.2,4,60.9,5
"Ciriguela, crua",76,1.4,0.4,NA,18.9,3.9,0.4,2,27,27
"Cupuaçu, cru",49,1.2,1,NA,10.4,3.1,0.5,3,24.5,13
"Cupuaçu, polpa, congelada",49,0.8,0.6,NA,11.4,1.6,0.3,1,10.5,5
"Figo, cru",41,1,0.2,NA,10.2,1.8,0.2,Tr,0.8,27
"Figo, enlatado, em calda",184,0.6,0.2,NA,50.3,2,0.5,7,5.2,33
"Fruta-pão, crua",67,1.1,0.2,NA,17.2,5.5,0.2,1,9.9,34
"Goiaba, branca, com casca, crua",52,0.9,0.5,NA,12.4,6.3,0.2,Tr,99.2,5
"Goiaba, doce em pasta",269,0.6,0,NA,74.1,3.7,0.4,4,23.1,10
"Goiaba, doce, cascão",286,0.4,0.1,NA,78.7,4.4,0.4,11,34.3,15
"Goiaba, vermelha, com casca, crua",54,1.1,0.4,NA,13,6.2,0.2,Tr,80.6,4
"Graviola, crua",62,0.8,0.2,NA,15.8,1.9,0.2,4,19.1,40
"Graviola, polpa, congelada",38,0.6,0.1,NA,9.8,1.2,0.1,3,10.5,6
"Jabuticaba, crua",58,0.6,0.1,NA,15.3,2.3,0.1,Tr,16.2,8
"Jaca, crua",88,1.4,0.3,NA,22.5,2.4,0.4,2,14.8,11
"Jambo, cru",27,0.9,0.1,NA,6.5,5.1,0.1,22,3.8,14
"Jamelão, cru",41,0.5,0.1,NA,10.6,1.8,0,1,27.1,3
"Kiwi, cru",51,1.3,0.6,NA,11.5,2.7,0.3,Tr,70.8,24
"Laranja, baía, crua",45,1,0.1,NA,11.5,1.1,0.1,Tr,56.9,35
"Laranja, baía, suco",37,0.7,Tr,NA,8.7,Tr,0.1,Tr,94.5,6
"Laranja, da terra, crua",51,1.1,0.2,NA,12.9,4,0.1,1,34.7,51
"Laranja, da terra, suco",41,0.7,0.1,NA,9.6,1,0.1,Tr,44.3,13
"Laranja, lima, crua",46,1.1,0.1,NA,11.5,1.8,0.1,1,43.5,31
"Laranja, lima, suco",39,0.7,0.1,NA,9.2,0.4,Tr,Tr,41.3,8
"Laranja, pêra, crua",37,1,0.1,NA,8.9,0.8,0.1,Tr,53.7,22
"Laranja, pêra, suco",33,0.7,0.1,NA,7.6,Tr,Tr,Tr,73.3,7
"Laranja, valência, crua",46,0.8,0.2,NA,11.7,1.7,0.1,1,47.8,34
"Laranja, valência, suco",36,0.5,0.1,NA,8.6,0.4,Tr,Tr,*,9
"Limão, cravo, suco",14,0.3,Tr,NA,5.2,Tr,0.1,Tr,32.8,10
"Limão, galego, suco",22,0.6,0.1,NA,7.3,Tr,0.1,Tr,34.5,5
"Limão, tahiti, cru",32,0.9,0.1,NA,11.1,1.2,0.2,1,38.2,51
"Maçã, Argentina, com casca, crua",63,0.2,0.2,NA,16.6,2,0.1,1,1.5,3
"Maçã, Fuji, com casca, crua",56,0.3,Tr,NA,15.2,1.3,0.1,Tr,2.4,2
"Macaúba, crua",404,2.1,40.7,NA,13.9,13.4,0.8,1,13.4,67
" Mamão, doce em calda, drenado",196,0.2,0.1,NA,54,1.3,0.1,3,3.9,20
"Mamão, Formosa, cru",45,0.8,0.1,NA,11.6,1.8,0.2,3,78.5,25
"Mamão, Papaia, cru",40,0.5,0.1,NA,10.4,1,0.2,2,82.2,22
" Mamão verde, doce em calda, drenado",209,0.3,0.1,NA,57.6,1.2,0.2,5,Tr,12
"Manga, Haden, crua",64,0.4,0.3,NA,16.7,1.6,0.1,1,17.4,12
"Manga, Palmer, crua",72,0.4,0.2,NA,19.4,1.6,0.1,2,65.5,12
"Manga, polpa, congelada",48,0.4,0.2,NA,12.5,1.1,0.1,7,24.9,7
"Manga, Tommy Atkins, crua",51,0.9,0.2,NA,12.8,2.1,0.1,Tr,7.9,8
"Maracujá, cru",68,2,2.1,NA,12.3,1.1,0.6,2,19.8,5
"Maracujá, polpa, congelada",39,0.8,0.2,NA,9.6,0.5,0.3,8,7.3,5
"Maracujá, suco concentrado, envasado",42,0.8,0.2,NA,9.6,0.4,0.3,22,13.7,4
"Melancia, crua",33,0.9,Tr,NA,8.1,0.1,0.2,Tr,6.1,8
"Melão, cru",29,0.7,Tr,NA,7.5,0.3,0.2,11,8.7,3
"Mexerica, Murcote, crua",58,0.9,0.1,NA,14.9,3.1,0.1,1,21.8,33
"Mexerica, Rio, crua",37,0.7,0.1,NA,9.3,2.7,0.1,2,112,17
"Morango, cru",30,0.9,0.3,NA,6.8,1.7,0.3,Tr,63.6,11
"Nêspera, crua",43,0.3,Tr,NA,11.5,3,0.1,Tr,3.2,20
"Pequi, cru",205,2.3,18,NA,13,19,0.3,Tr,8.3,32
"Pêra, Park, crua",61,0.2,0.2,NA,16.1,3,0.3,1,2.4,9
"Pêra, Williams, crua",53,0.6,0.1,NA,14,3,0.1,Tr,2.8,8
"Pêssego, Aurora, cru",36,0.8,Tr,NA,9.3,1.4,0.2,Tr,3.3,3
"Pêssego, enlatado, em calda",63,0.7,Tr,NA,16.9,1,0.6,3,Tr,4
"Pinha, crua",88,1.5,0.3,NA,22.4,3.4,0.2,1,35.9,21
"Pitanga, crua",41,0.9,0.2,NA,10.2,3.2,0.4,2,24.9,18
"Pitanga, polpa, congelada",19,0.3,0.1,NA,4.8,0.7,0.4,5,Tr,8
"Romã, crua",56,0.4,Tr,NA,15.1,0.4,0.3,1,8.1,5
"Tamarindo, cru",276,3.2,0.5,NA,72.5,6.4,0.6,0,7.2,37
"Tangerina, Poncã, crua",38,0.8,0.1,NA,9.6,0.9,0.1,Tr,48.8,13
"Tangerina, Poncã, suco",36,0.5,Tr,NA,8.8,Tr,Tr,Tr,41.8,4
"Tucumã, cru",262,2.1,19.1,NA,26.5,12.7,0.6,4,18,46
"Umbu, cru",37,0.8,Tr,NA,9.4,2,0.1,Tr,24.1,12
"Umbu, polpa, congelada",34,0.5,0.1,NA,8.8,1.3,0.2,6,4,11
"Uva, Itália, crua",53,0.7,0.2,NA,13.6,0.9,0.1,Tr,3.3,7
"Uva, Rubi, crua",49,0.6,0.2,NA,12.7,0.9,0.2,8,1.9,8
"Uva, suco concentrado, envasado",58,Tr,Tr,NA,14.7,0.2,0.1,10,21,9
"Azeite, de dendê",884,NA,100,NA,NA,NA,,,,
"Azeite, de oliva, extra virgem",884,NA,100,NA,NA,NA,,,,
"Manteiga, com sal",726,0.4,82.4,201,0.1,NA,0.2,579,Tr,9
"Manteiga, sem sal",758,0.4,86,214,0,NA,Tr,4,Tr,4
"Margarina, com óleo hidrogenado, com sal (65% de lipídeos)",596,Tr,67.4,NA,0,NA,0.1,894,Tr,6
"Margarina, com óleo hidrogenado, sem sal (80% de lipídeos)",723,Tr,81.7,NA,0,NA,0.1,78,Tr,3
"Margarina, com óleo interesterificado, com sal (65%de lipídeos)",594,Tr,67.2,NA,0,NA,Tr,561,Tr,5
"Margarina, com óleo interesterificado, sem sal (65% de lipídeos)",593,Tr,67.1,NA,0,NA,0.1,33,Tr,5
"Óleo, de babaçu",884,NA,100,NA,NA,NA,,,,
"Óleo, de canola",884,NA,100,NA,NA,NA,,,,
"Óleo, de girassol",884,NA,100,NA,NA,NA,,,,
"Óleo, de milho",884,NA,100,NA,NA,NA,,,,
"Óleo, de pequi",884,NA,100,NA,NA,NA,,,,
"Óleo, de soja",884,NA,100,NA,NA,NA,,,,
"Abadejo, filé, congelado, assado",112,23.5,1.2,103,0,NA,0.5,334,,23
"Abadejo, filé, congelado,cozido",91,19.3,0.9,87,0,NA,0.3,189,,17
"Abadejo, filé, congelado, cru",59,13.1,0.4,31,0,NA,0.1,79,,10
"Abadejo, filé, congelado, grelhado",130,27.6,1.3,136,0,NA,0.3,305,,20
"Atum, conserva em óleo",166,26.2,6,53,0,NA,1.2,362,,7
"Atum, fresco, cru",118,25.7,0.9,48,0,NA,1.3,30,,7
"Bacalhau, salgado, cru",136,29,1.3,139,0,NA,0.9,13585,,157
"Bacalhau, salgado, refogado",140,24,3.6,112,1.2,*,0.2,1256,Tr,59
"Cação, posta, com farinha de trigo, frita",208,25,10,75,3.1,0.5,1,160,,30
"Cação, posta, cozida",116,25.6,0.7,83,0,NA,0.3,115,,10
"Cação, posta, crua",83,17.9,0.8,36,0,NA,0.2,176,,9
"Camarão, Rio Grande, grande, cozido",90,19,1,241,0,NA,1.3,367,,90
"Camarão, Rio Grande, grande, cru",47,10,0.5,124,0,NA,0.7,201,,51
"Camarão, Sete Barbas, sem cabeça, com casca, frito",231,18.4,15.6,283,2.9,NA,2.4,99,,960
"Caranguejo, cozido",83,18.5,0.4,85,0,NA,2.9,360,Tr,357
"Corimba, cru",128,17.4,6,40,0,NA,0.5,47,,40
"Corimbatá, assado",261,19.9,19.6,80,0,NA,1,40,,22
"Corimbatá, cozido",239,20.1,16.9,75,0,NA,0.6,37,,65
"Corvina de água doce, crua",101,18.9,2.2,73,0,NA,0.3,45,,39
"Corvina do mar, crua",94,18.6,1.6,67,0,NA,0.4,68,,*
"Corvina grande, assada",147,26.8,3.6,117,0,NA,0.5,85,,60
"Corvina grande, cozida",100,23.4,2.6,123,0,NA,0.6,68,,69
"Dourada de água doce, fresca",131,18.8,5.6,52,0,NA,0.2,40,,12
"Lambari, congelado, cru",131,16.8,6.5,159,0,NA,0.9,48,,1181
"Lambari, congelado, frito",327,28.4,22.8,246,0,NA,0.8,65,,1881
"Lambari, fresco, cru",152,15.7,9.4,144,0,NA,0.6,41,,590
"Manjuba, com farinha de trigo, frita",344,23.5,22.6,282,10.2,0.4,3,37,,763
"Manjuba, frita",349,30.1,24.5,270,0,NA,0.9,41,,575
"Merluza, filé, assado",122,26.6,0.9,91,0,NA,0.4,120,,36
"Merluza, filé, cru",89,16.6,2,57,0,NA,0.2,80,,20
"Merluza, filé, frito",192,26.9,8.5,109,0,NA,0.4,90,,36
"Pescada, branca, crua",111,16.3,4.6,51,0,NA,0.2,76,,16
"Pescada, branca, frita",223,27.4,11.8,165,0,NA,0.5,107,,378
"Pescada, filé, com farinha de trigo, frito",283,21.4,19.1,73,5,Tr,0.9,91,,26
"Pescada, filé, cru",107,16.7,4,65,0,NA,0.2,77,,14
"Pescada, filé, frito",154,28.6,3.6,81,0,NA,0.3,115,,10
"Pescada, filé, molho escabeche",142,11.8,8,43,5,0.8,1.5,51,6.9,20
"Pescadinha, crua",76,15.5,1.1,84,0,NA,0.5,120,,332
"Pintado, assado",192,36.5,4,126,0,NA,0.8,81,,114
"Pintado, cru",91,18.6,1.3,50,0,NA,0.2,43,,12
"Pintado, grelhado",152,30.8,2.3,99,0,NA,0.5,53,,69
"Porquinho, cru",93,20.5,0.6,49,0,NA,0.4,67,,26
"Salmão, filé, com pele, fresco,  grelhado",229,23.9,14,85,0,NA,0.5,85,,29
"Salmão, sem pele, fresco, cru",170,19.3,9.7,53,0,NA,0.2,64,,9
"Salmão, sem pele, fresco, grelhado",243,26.1,14.5,73,0,NA,0.4,96,,15
"Sardinha, assada",164,32.2,3,109,0,NA,1.3,74,,438
"Sardinha, conserva em óleo",285,15.9,24,73,0,NA,3.5,666,,550
"Sardinha, frita",257,33.4,12.7,103,0,NA,1.1,60,,482
"Sardinha, inteira, crua",114,21.1,2.7,61,0,NA,1.3,60,,167
"Tucunaré, filé, congelado, cru",88,18,1.2,47,0,NA,0.3,57,,19
Apresuntado,129,13.5,6.7,38,2.9,NA,0.9,943,Tr,23
"Caldo de carne, tablete",241,7.8,16.6,Tr,15.1,0.6,Tr,22180,,129
"Caldo de galinha, tablete",251,6.3,20.4,2,10.6,11.8,0.7,22300,,16
"Carne, bovina, acém, moído, cozido",212,26.7,10.9,103,0,NA,2.7,52,,4
"Carne, bovina, acém, moído, cru",137,19.4,5.9,58,0,NA,1.8,49,,3
"Carne, bovina, acém, sem gordura, cozido",215,27.3,10.9,107,0,NA,2.4,56,,7
"Carne, bovina, acém, sem gordura, cru",144,20.8,6.1,53,0,NA,1.5,50,,5
"Carne, bovina, almôndegas, cruas",189,12.3,11.2,34,9.8,*,1.6,621,,22
"Carne, bovina, almôndegas, fritas",272,18.2,15.8,36,14.3,*,1.9,1030,,27
"Carne, bovina, bucho, cozido",133,21.6,4.5,245,0,NA,0.6,38,,13
"Carne, bovina, bucho, cru",137,20.5,5.5,145,0,NA,0.5,45,,9
"Carne, bovina, capa de contra-filé, com gordura, crua",217,19.2,15,63,0,NA,1.5,58,,6
"Carne, bovina, capa de contra-filé, com gordura, grelhada",312,30.7,20,120,0,NA,2.6,81,,7
"Carne, bovina, capa de contra-filé, sem gordura, crua",131,21.5,4.3,58,0,NA,2,79,,6
"Carne, bovina, capa de contra-filé, sem gordura, grelhada",239,35.1,10,80,0,NA,2.8,83,,9
"Carne, bovina, charque, cozido",263,36.4,11.9,113,0,NA,3.5,1443,,15
"Carne, bovina, charque, cru",249,22.7,16.8,81,0,NA,1.5,5875,,15
"Carne, bovina, contra-filé, à milanesa",352,20.6,24,99,12.2,0.4,2.9,77,,15
"Carne, bovina, contra-filé de costela, cru",202,19.8,13.1,52,0,NA,1.6,39,,3
"Carne, bovina, contra-filé de costela, grelhado",275,29.9,16.3,98,0,NA,2.8,51,,4
"Carne, bovina, contra-filé, com gordura, cru",206,21.2,12.8,73,0,NA,1.3,44,,4
"Carne, bovina, contra-filé, com gordura, grelhado",278,32.4,15.5,144,0,NA,2.4,57,,4
"Carne, bovina, contra-filé, sem gordura, cru",157,24,6,59,0,NA,1.7,53,,4
"Carne, bovina, contra-filé, sem gordura, grelhado",194,35.9,4.5,102,0,NA,2.4,58,,5
"Carne, bovina, costela, assada",373,28.8,27.7,95,0,NA,2.2,92,,28
"Carne, bovina, costela, crua",358,16.7,31.8,44,0,NA,1.2,70,,*
"Carne, bovina, coxão duro, sem gordura, cozido",217,31.9,8.9,71,0,NA,1.7,41,,4
"Carne, bovina, coxão duro, sem gordura, cru",148,21.5,6.2,60,0,NA,1.9,49,,3
"Carne, bovina, coxão mole, sem gordura, cozido",219,32.4,8.9,84,0,NA,2.6,44,,4
"Carne, bovina, coxão mole, sem gordura, cru",169,21.2,8.7,84,0,NA,1.9,61,,3
"Carne, bovina, cupim, assado",330,28.6,23,91,0,NA,2.7,72,,8
"Carne, bovina, cupim, cru",221,19.5,15.3,51,0,NA,1.1,47,,4
"Carne, bovina, fígado, cru",141,20.7,5.4,393,1.1,NA,5.6,76,,4
"Carne, bovina, fígado, grelhado",225,29.9,9,601,4.2,NA,5.8,82,,6
"Carne, bovina, filé mingnon, sem gordura, cru",143,21.6,5.6,55,0,NA,1.9,49,,3
"Carne, bovina, filé mingnon, sem gordura, grelhado",220,32.8,8.8,103,0,NA,2.9,58,,4
"Carne, bovina, flanco, sem gordura, cozido",196,29.4,7.8,62,0,NA,2.8,42,,4
"Carne, bovina, flanco, sem gordura, cru",141,20,6.2,50,0,NA,1.6,54,,3
"Carne, bovina, fraldinha, com gordura, cozida",338,24.2,26,65,0,NA,2,39,,3
"Carne, bovina, fraldinha, com gordura, crua",221,17.6,16.1,54,0,NA,1.5,51,,3
"Carne, bovina, lagarto, cozido",222,32.9,9.1,56,0,NA,1.9,48,,4
"Carne, bovina, lagarto, cru",135,20.5,5.2,56,0,NA,1.3,54,,3
"Carne, bovina, língua, cozida",315,21.4,24.8,105,0,NA,2.1,59,,6
"Carne, bovina, língua, crua",215,17.1,15.8,118,0,NA,1.7,73,,5
"Carne, bovina, maminha, crua",153,20.9,7,51,0,NA,1.1,37,,3
"Carne, bovina, maminha, grelhada",153,30.7,2.4,88,0,NA,2.4,58,,4
"Carne, bovina, miolo de alcatra, sem gordura, cru",163,21.6,7.8,60,0,NA,2,43,,3
"Carne, bovina, miolo de alcatra, sem gordura, grelhado",241,31.9,11.6,92,0,NA,3.2,52,,5
"Carne, bovina, músculo, sem gordura, cozido",194,31.2,6.7,56,0,NA,2.4,62,,5
"Carne, bovina, músculo, sem gordura, cru",142,21.6,5.5,51,0,NA,1.9,66,,4
"Carne, bovina, paleta, com gordura, crua",159,21.4,7.5,58,0,NA,1.8,65,,4
"Carne, bovina, paleta, sem gordura, cozida",194,29.7,7.4,56,0,NA,2.2,58,,6
"Carne, bovina, paleta, sem gordura, crua",141,21,5.7,42,0,NA,1.9,66,,4
"Carne, bovina, patinho, sem gordura, cru",133,21.7,4.5,56,0,NA,1.8,49,,3
"Carne, bovina, patinho, sem gordura, grelhado",219,35.9,7.3,126,0,NA,3,60,,5
"Carne, bovina, peito, sem gordura, cozido",338,22.2,27,100,0,NA,1.6,56,,4
"Carne, bovina, peito, sem gordura, cru",259,17.6,20.4,59,0,NA,1.3,64,,4
"Carne, bovina, picanha, com gordura, crua",213,18.8,14.7,60,0,NA,1.7,38,,2
"Carne, bovina, picanha, com gordura, grelhada",289,26.4,19.5,92,0,NA,3.2,60,,4
"Carne, bovina, picanha, sem gordura, crua",134,21.3,4.7,75,0,NA,2.1,61,,3
"Carne, bovina, picanha, sem gordura, grelhada",238,31.9,11.3,100,0,NA,3.6,61,,4
"Carne, bovina, seca, cozida",313,26.9,21.9,100,0,NA,1.9,1943,,13
"Carne, bovina, seca, crua",313,19.7,25.4,92,0,NA,1.3,4440,,14
"Coxinha de frango, frita",283,9.6,11.8,15,34.5,5,1.3,532,,18
"Croquete, de carne, cru",246,12,15.6,30,13.9,,2.5,711,,15
"Croquete, de carne, frito",347,16.9,22.7,38,18.1,,2.3,916,,18
"Empada de frango, pré-cozida, assada",358,6.9,15.6,23,47.5,2.2,1.2,525,,16
"Empada, de frango, pré-cozida",377,7.3,22.9,23,35.5,2.2,0.7,771,,14
"Frango, asa, com pele, crua",213,18.1,15.1,113,0,NA,0.6,96,,11
"Frango, caipira, inteiro, com pele, cozido",243,23.9,15.6,110,0,NA,1.7,56,,17
"Frango, caipira, inteiro, sem pele, cozido",196,29.6,7.7,106,0,NA,2.1,53,,66
"Frango, coração, cru",222,12.6,18.6,159,0,NA,4.1,95,,6
"Frango, coração, grelhado",207,22.4,12.1,280,0.6,NA,6.5,128,,8
"Frango, coxa, com pele, assada",215,28.5,10.4,145,0.1,NA,1.2,95,,8
"Frango, coxa, com pele, crua",161,17.1,9.8,97,0,NA,0.7,95,,8
"Frango, coxa, sem pele, cozida",167,26.9,5.8,133,0,NA,0.8,64,,12
"Frango, coxa, sem pele, crua",120,17.8,4.9,91,0,NA,0.8,98,,8
"Frango, fígado, cru",106,17.6,3.5,341,0,NA,9.5,82,,6
"Frango, filé, à milanesa",221,28.5,7.8,84,7.5,1.1,1.1,122,,9
"Frango, inteiro, com pele, cru",226,16.4,17.3,85,0,NA,0.6,63,,6
"Frango, inteiro, sem pele, assado",187,28,7.5,111,0,NA,0.6,70,,9
"Frango, inteiro, sem pele, cozido",170,25,7.1,99,0,NA,0.5,51,,8
"Frango, inteiro, sem pele, cru",129,20.6,4.6,78,0,NA,0.5,73,,7
"Frango, peito, com pele, assado",212,33.4,7.6,109,0,NA,0.5,56,,8
"Frango, peito, com pele, cru",149,20.8,6.7,80,0,NA,0.4,62,,8
"Frango, peito, sem pele, cozido",163,31.5,3.2,89,0,NA,0.3,36,,6
"Frango, peito, sem pele, cru",119,21.5,3,59,0,NA,0.4,56,,7
"Frango, peito, sem pele, grelhado",159,32,2.5,89,0,NA,0.3,50,,5
"Frango, sobrecoxa, com pele, assada",260,28.7,15.2,158,0,NA,1.2,96,,11
"Frango, sobrecoxa, com pele, crua",255,15.5,20.9,88,0,NA,0.7,68,,7
"Frango, sobrecoxa, sem pele, assada",233,29.2,12,145,0,NA,1.2,106,,12
"Frango, sobrecoxa, sem pele, crua",162,17.6,9.6,84,0,NA,0.9,80,,6
"Hambúrguer, bovino, cru",215,13.2,16.2,70,4.2,*,1.9,869,,34
"Hambúrguer, bovino, frito",258,20,17,49,6.3,*,3,1252,,62
"Hambúrguer, bovino, grelhado",210,13.2,12.4,59,11.3,*,2.6,1090,,56
"Lingüiça, frango, crua",218,14.2,17.4,64,0,NA,0.5,1126,,11
"Lingüiça, frango, frita",245,18.3,18.5,76,0,NA,0.8,1374,,15
"Lingüiça, frango, grelhada",244,18.2,18.4,80,0,NA,0.7,1351,,14
"Lingüiça, porco, crua",227,16.1,17.6,53,0,NA,0.4,1176,,6
"Lingüiça, porco, frita",280,20.5,21.3,75,0,NA,0.9,1432,,8
"Lingüiça, porco, grelhada",296,23.2,21.9,82,0,NA,1,1456,,8
Mortadela,269,12,21.6,83,5.8,NA,1.5,1212,,67
"Peru, congelado, assado",163,26.2,5.7,91,0,NA,0.6,628,,14
"Peru, congelado, cru",94,18.1,1.8,68,0,NA,0.9,711,,10
"Porco, bisteca, crua",164,21.5,8,56,0,NA,0.5,54,,6
"Porco, bisteca, frita",311,33.7,18.5,126,0,NA,0.8,63,,69
"Porco, bisteca, grelhada",280,28.9,17.4,82,0,NA,0.9,51,,34
"Porco, costela, assada",402,30.2,30.3,113,0,NA,1,63,,17
"Porco, costela, crua",256,18,19.8,69,0,NA,0.9,88,,15
"Porco, lombo, assado",210,35.7,6.4,103,0,NA,0.5,39,,20
"Porco, lombo, cru",176,22.6,8.8,55,0,NA,0.5,53,,4
"Porco, orelha, salgada, crua",258,18.5,19.9,83,0,NA,1.4,616,,5
"Porco, pernil, assado",262,32.1,13.9,110,0,NA,1.3,62,,18
"Porco, pernil, cru",186,20.1,11.1,59,0,NA,0.9,102,,13
"Porco, rabo, salgado, cru",377,15.6,34.5,89,0,NA,0.6,1158,,22
"Presunto, com capa de gordura",128,14.4,6.8,40,1.4,NA,0.7,1021,,12
"Presunto, sem capa de gordura",94,14.3,2.7,36,2.1,NA,0.8,1039,,23
"Quibe, assado",136,14.6,2.7,34,12.9,1.9,2.2,40,,16
"Quibe, cru",109,12.4,1.7,27,10.8,1.6,1.7,39,,12
"Quibe, frito",254,14.9,15.8,38,12.3,,2,836,,22
Salame,398,25.8,30.6,85,2.9,NA,1.3,1574,,87
"Toucinho, cru",593,11.5,60.3,73,0,NA,0.4,50,,2
"Toucinho, frito",697,27.3,64.3,89,0,NA,0.9,125,,9
"Bebida láctea, pêssego",55,2.1,1.9,5,7.6,0.3,Tr,46,,89
Creme de Leite,221,1.5,22.5,66,4.5,NA,0.3,52,,83
"Iogurte, natural",51,4.1,3,14,1.9,NA,Tr,52,,143
"Iogurte, natural, desnatado",41,3.8,0.3,3,5.8,NA,Tr,60,,157
"Iogurte, sabor abacaxi",*,*,*,6,*,*,*,*,,*
"Iogurte, sabor morango",70,2.7,2.3,7,9.7,0.2,Tr,38,,101
"Iogurte, sabor pêssego",68,2.5,2.3,8,9.4,0.7,0.1,37,,95
"Leite, condensado",313,7.7,6.7,28,57,NA,0.1,94,,246
"Leite, de cabra",66,3.1,3.8,14,5.2,NA,0.1,74,,112
"Leite, de vaca, achocolatado",83,2.1,2.2,6,14.2,0.6,0.5,72,,70
"Leite, de vaca, desnatado, pó",362,34.7,0.9,25,53,NA,0.9,432,,1363
"Leite, de vaca, desnatado, UHT",*,*,*,4,*,NA,Tr,51,,134
"Leite, de vaca, integral",*,*,*,10,*,NA,Tr,64,,123
"Leite, de vaca, integral, pó",497,25.4,26.9,85,39.2,NA,0.5,323,,890
"Leite, fermentado",70,1.9,0.1,2,15.7,NA,Tr,33,,72
"Queijo, minas, frescal",264,17.4,20.2,62,3.2,NA,0.9,31,,579
"Queijo, minas, meia cura",321,21.2,24.6,76,3.6,NA,0.2,501,,696
"Queijo, mozarela",330,22.6,25.2,80,3,NA,0.3,581,,875
"Queijo, parmesão",453,35.6,33.5,106,1.7,NA,0.5,1844,,992
"Queijo, pasteurizado",303,9.4,27.4,82,5.7,NA,0.3,780,,323
"Queijo, petit suisse, morango",121,5.8,2.8,12,18.5,NA,0.1,412,Tr,731
"Queijo, prato",360,22.7,29.1,91,1.9,NA,0.3,580,,940
"Queijo, requeijão, cremoso",257,9.6,23.4,74,2.4,NA,0.1,558,Tr,259
"Queijo, ricota",140,12.6,8.1,49,3.8,NA,0.1,283,Tr,253
"Bebida isotônica, sabores variados",26,0,0,NA,6.4,NA,0.7,44,,1
"Café, infusão 10%",9,0.7,0.1,NA,1.5,NA,Tr,1,,3
"Cana, aguardente 1",216,,,NA,,NA,Tr,3,,Tr
"Cana, caldo de",65,Tr,Tr,NA,18.2,0.1,0.8,Tr,2.8,9
"Cerveja, pilsen 2",41,0.6,Tr,NA,3.3,NA,Tr,4,Tr,5
"Chá, erva-doce, infusão 5%",1,0,0,NA,0.4,NA,Tr,1, ,2
"Chá, mate, infusão 5%",3,0,0.1,NA,0.6,NA,Tr,Tr, ,1
"Chá, preto, infusão 5%",2,0,0,NA,0.6,NA,Tr,Tr, ,0
"Coco, água de",22,0,0,NA,5.3,0.1,Tr,2,2.4,19
"Refrigerante, tipo água tônica",31,0,0,NA,8,NA,Tr,8,,1
"Refrigerante, tipo cola",34,0,0,NA,8.7,NA,Tr,7,,1
"Refrigerante, tipo guaraná",39,0,0,NA,10,NA,Tr,9,,1
"Refrigerante, tipo laranja",46,0,0,NA,11.8,NA,Tr,9,,2
"Refrigerante, tipo limão",40,0,0,NA,10.3,NA,Tr,9,,2
"Omelete, de queijo",268,15.6,22,384,0.4,NA,1.4,216,Tr,166
"Ovo, de codorna, inteiro, cru",177,13.7,12.7,568,0.8,NA,3.3,129, ,79
"Ovo, de galinha, clara, cozida/10minutos",59,13.4,0.1,NA,0,NA,0.1,181, ,6
"Ovo, de galinha, gema, cozida/10minutos",353,15.9,30.8,1272,1.6,NA,2.9,45, ,114
"Ovo, de galinha, inteiro, cozido/10minutos",146,13.3,9.5,397,0.6,NA,1.5,146, ,49
"Ovo, de galinha, inteiro, cru",143,13,8.9,356,1.6,NA,1.6,168, ,42
"Ovo, de galinha, inteiro, frito",240,15.6,18.6,516,1.2,NA,2.1,166,Tr,73
"Achocolatado, pó",401,4.2,2.2,Tr,91.2,3.9,5.4,65,,44
"Açúcar, cristal",387,0.3,Tr,NA,99.6,NA,0.2,Tr,Tr,8
"Açúcar, mascavo",369,0.8,0.1,NA,94.5,NA,8.3,25,,127
"Açúcar, refinado",387,0.3,Tr,NA,99.5,NA,0.1,12,,4
"Chocolate, ao leite",540,7.2,30.3,17,59.6,2.2,1.6,77,,191
"Chocolate, ao leite, com castanha do Pará",559,7.4,34.2,16,55.4,2.5,1.5,64,1.4,171
"Chocolate, ao leite, dietético",557,6.9,33.8,13,56.3,2.8,3.3,85,2,188
"Chocolate, meio amargo",475,4.9,29.9,2,62.4,4.9,3.6,9,2.1,45
Cocada branca,449,1.1,13.6,NA,81.4,3.6,1.2,29,Tr,7
"Doce, de abóbora, cremoso",199,0.9,0.2,NA,54.6,2.3,0.9,Tr,0.1,13
"Doce, de leite, cremoso",306,5.5,6,20,59.5,NA,0.1,120,Tr,195
"Geléia, mocotó, natural",106,2.1,0.1,Tr,24.2,NA,0.1,43,Tr,4
Glicose de milho,292,0,0,NA,79.4,NA,0.1,59, ,6
Maria mole,301,3.8,0.2,NA,73.6,0.7,0.4,15,Tr,13
"Maria mole, coco queimado",307,3.9,0.1,NA,75.1,0.6,0.5,14,Tr,19
Marmelada,257,0.4,0.1,NA,70.8,4.1,0.7,11,Tr,11
"Mel, de abelha",309,0,0,NA,84,NA,0.3,6,0.7,10
Melado,297,0,0,NA,76.6,NA,5.4,4,Tr,102
Quindim,411,4.7,24.4,271,46.3,3.2,1.4,27,Tr,37
Rapadura,352,1,0.1,NA,90.8,NA,4.4,22,Tr,30
"Café, pó, torrado",419,14.7,11.9,NA,65.8,51.2,8.1,1,Tr,107
"Capuccino, pó",417,11.3,8.6,29,73.6,2.4,2.3,382,Tr,467
"Fermento em pó, químico",90,0.5,0.1,NA,43.9,NA, ,10052, , 
"Fermento, biológico, levedura, tablete",90,17,1.5,NA,7.7,4.2,2.6,40,Tr,18
"Gelatina, sabores variados, pó",380,8.9,Tr,NA,89.2,NA,0.3,235,40,27
"Sal, dietético",NA,NA,NA,NA,NA,NA,,23432,,
"Sal, grosso",NA,NA,NA,NA,NA,NA,,39943,,
Shoyu,61,3.3,0.3,NA,11.6,NA,0.5,5024,,15
Tempero a base de sal,21,2.7,0.3,NA,2.1,0.6,,32560,,
"Azeitona, preta, conserva",194,1.2,20.3,NA,5.5,4.6,5.5,1567,,59
"Azeitona, verde, conserva",137,0.9,14.2,NA,4.1,3.8,0.2,1347,,46
"Chantilly, spray, com gordura vegetal",315,0.5,27.3,Tr,16.9,NA,Tr,110,,2
"Leite, de coco",166,1,18.4,NA,2.2,0.7,0.5,44,,6
"Maionese, tradicional com ovos",302,0.6,30.5,42,7.9,NA,0.1,787,,3
Acarajé,289,8.3,19.9,25,19.1,9.4,1.9,305,,124
Arroz carreteiro,154,10.8,7.1,36,11.6,1.5,1,1622,,13
"Baião de dois, arroz e feijão-de-corda",136,6.2,3.2,4,20.4,5.1,0.6,93,,33
Barreado,165,18.3,9.5,60,0.2,0.1,2.4,48,,15
"Bife à cavalo, com contra filé",291,23.7,21.1,257,0,NA,2.1,83,,26
Bolinho de arroz,274,8,8.3,70,41.7,2.7,2.1,59,,24
Camarão à baiana,101,7.9,6,117,3.2,0.4,1.4,85,4.1,43
"Charuto, de repolho",78,6.8,1.1,21,10.1,1.5,0.9,12,4.8,23
"Cuscuz, de milho, cozido com sal",113,2.2,0.7,NA,25.3,2.1,0.2,248,Tr,2
"Cuscuz, paulista",142,2.6,4.6,15,22.5,2.4,0.3,236,Tr,14
"Cuxá, molho",80,5.6,3.6,58,5.7,3,0.9,1344,10.3,105
Dobradinha,125,19.8,4.4,144,0,NA,1,29, ,11
Estrogonofe de carne,173,15,10.8,66,3,,2.7,123,Tr,28
Estrogonofe de frango,157,17.6,8,80,2.6,,1.5,99,Tr,26
Feijão tropeiro mineiro,152,10.2,6.8,68,19.6,3.6,2.2,365,Tr,41
Feijoada,117,8.7,6.5,22,11.6,5.1,1.3,278,Tr,32
"Frango, com açafrão",113,9.7,6.2,50,4.1,0.2,0.8,29,5.3,13
"Macarrão, molho bolognesa",120,4.9,0.9,7,22.5,0.8,1.4,9,,11
Maniçoba,134,10,8.7,43,3.4,2.2,3.2,407,,66
Quibebe,86,8.6,2.7,NA,6.6,1.7,0.8,247,,8
"Salada, de legumes, com maionese",96,1.1,7,7,8.9,2.2,0.2,228,29.4,12
"Salada, de legumes, cozida no vapor",35,2,0.3,NA,7.1,2.5,0.4,3,9.3,33
"Salpicão, de frango",148,13.9,7.8,53,4.6,0.4,0.3,248,Tr,9
Sarapatel,123,18.5,4.4,315,1.1,,7.2,216,16.2,12
Tabule,57,2,1.2,NA,10.6,2.1,0.6,1,,19
Tacacá,47,7,0.4,71,3.4,0.2,0.9,1349,,45
"Tapioca, com manteiga",348,0.1,10.9,31,63.6,Tr,0.2,158,,30
"Tucupi, com pimenta-de-cheiro",27,2.1,0.3,NA,4.7,0.2,1.1,5,46.4,28
Vaca atolada,145,5.1,9.3,19,10.1,2.3,0.7,26,,63
Vatapá,255,6,23.2,44,9.7,1.7,1.4,880,,47
Virado à paulista,307,10.2,25.6,66,14.1,2.2,1.1,346,,41
Yakisoba,113,7.5,2.6,NA,18.3,1.1,0.6,794,,14
"Amendoim, grão, cru",544,27.2,43.9,NA,20.3,8,2.5,Tr,,Tr
"Amendoim, torrado, salgado",606,22.5,54,NA,18.7,7.8,1.3,376,,39
"Ervilha, em vagem",88,7.5,0.5,NA,14.2,9.7,1.4,Tr,12.4,24
"Ervilha, enlatada, drenada",74,4.6,0.4,NA,13.4,5.1,1.4,372,,22
"Feijão, carioca, cozido",76,4.8,0.5,NA,13.6,8.5,1.3,2,,27
"Feijão, carioca, cru",329,20,1.3,NA,61.2,18.4,8,Tr,,123
"Feijão, fradinho, cozido",78,5.1,0.6,NA,13.5,7.5,1.1,1,,17
"Feijão, fradinho, cru",339,20.2,2.4,NA,61.2,23.6,5.1,10,,78
"Feijão, jalo, cozido",93,6.1,0.5,NA,16.5,13.9,1.9,1,,29
"Feijão, jalo, cru",328,20.1,0.9,NA,61.5,30.3,7,25,,98
"Feijão, preto, cozido",77,4.5,0.5,NA,14,8.4,1.5,2,,29
"Feijão, preto, cru",324,21.3,1.2,NA,58.8,21.8,6.5,Tr,,111
"Feijão, rajado, cozido",85,5.5,0.4,NA,15.3,9.3,1.4,1,,29
"Feijão, rajado, cru",326,17.3,1.2,NA,62.9,24,18.6,14,,111
"Feijão, rosinha, cozido",68,4.5,0.5,NA,11.8,4.8,1.2,2,,19
"Feijão, rosinha, cru",337,20.9,1.3,NA,62.2,20.6,5.3,24,,68
"Feijão, roxo, cozido",77,5.7,0.5,NA,12.9,11.5,1.4,1,,23
"Feijão, roxo, cru",331,22.2,1.2,NA,60,33.8,6.9,10,,120
"Grão-de-bico, cru",355,21.2,5.4,NA,57.9,12.4,5.4,5,,114
"Guandu, cru",344,19,2.1,NA,64,21.3,1.9,2,1.5,129
"Lentilha, cozida",93,6.3,0.5,NA,16.3,7.9,1.5,1,,16
"Lentilha, crua",339,23.2,0.8,NA,62,16.9,7,Tr,,54
"Paçoca, amendoim",487,16,26.1,NA,52.4,7.3,1.1,167,,22
"Pé-de-moleque, amendoim",503,13.2,28,NA,54.7,3.4,1.3,16,,27
"Soja, farinha",404,36,14.6,NA,38.4,20.2,13.1,6,,206
"Soja, extrato solúvel, natural, fluido",39,2.4,1.6,NA,4.3,0.4,0.4,57,,17
"Soja, extrato solúvel, pó",459,35.7,26.2,NA,28.5,7.3,7,83,9.2,359
"Soja, queijo (tofu)",64,6.6,4,NA,2.1,0.8,1.4,1,Tr,81
"Tremoço, cru",381,33.6,10.3,NA,43.8,32.3,2.8,3,25,177
"Tremoço, em conserva",121,11.1,3.8,NA,12.4,14.4,0.3,1809,,16
"Amêndoa, torrada, salgada",581,18.6,47.3,NA,29.5,11.6,3.1,279,,237
"Castanha-de-caju, torrada, salgada",570,18.5,46.3,NA,29.1,3.7,5.2,125,,33
"Castanha-do-Brasil, crua",643,14.5,63.5,NA,15.1,7.9,2.3,1,,146
"Coco, cru",406,3.7,42,NA,10.4,5.4,1.8,15,2.5,6
"Coco,  verde, cru",*,*,*,*,*,*,*,*,*,*
"Farinha, de mesocarpo de babaçu, crua",329,1.4,0.2,NA,79.2,17.9,18.3,12,Tr,61
"Gergelim, semente",584,21.2,50.4,NA,21.6,11.9,5.4,3,Tr,825
"Linhaça, semente",495,14.1,32.3,NA,43.3,33.5,4.7,9,Tr,211
"Pinhão, cozido",174,3,0.7,NA,43.9,15.6,0.8,1,27.7,16
"Pupunha, cozida",219,2.5,12.8,NA,29.6,4.3,0.5,1,2.2,28
"Noz, crua",620,14,59.4,NA,18.4,7.2,2,5,Tr,105
